<beans xmlns="http://www.springframework.org/schema/beans"
	xmlns:batch="http://www.springframework.org/schema/batch" xmlns:xsi="http://www.w3.org/2001/XMLSchema-instance"
	xsi:schemaLocation="http://www.springframework.org/schema/batch
		http://www.springframework.org/schema/batch/spring-batch-3.0.xsd
		http://www.springframework.org/schema/beans 
		http://www.springframework.org/schema/beans/spring-beans-3.2.xsd">

	<job id="object-assembly-job" xmlns="http://www.springframework.org/schema/batch"
		parent="abstractObjectAssemblyJob">
		<step id="load-loan-account-detail" parent="abstractObjectAssemblyStep"
			next="load-disbursal-detail">
			<tasklet>
				<chunk reader="loanAccountBuilder" writer="loanAccountBuilder"
					processor="loanAccountBuilder" />
			</tasklet>
		</step>

		<step id="load-disbursal-detail" parent="abstractObjectAssemblyStep"
			next="load-disbursal-breakup">
			<tasklet>
				<chunk reader="disbursalDetailBuilder" writer="disbursalDetailBuilder"
					processor="disbursalDetailBuilder" />
			</tasklet>
		</step>

		<step id="load-disbursal-breakup" parent="abstractObjectAssemblyStep"
			next="loan-repayment">
			<tasklet>
				<chunk reader="disbursalDetailBreakupBuilder" writer="disbursalDetailBreakupBuilder"
					processor="disbursalDetailBreakupBuilder" />
			</tasklet>
		</step>

		<step id="loan-repayment" parent="abstractObjectAssemblyStep"
			next="loan-additional-info">
			<tasklet>
				<chunk reader="repaymentBuilder" writer="repaymentBuilder"
					processor="repaymentBuilder" />
			</tasklet>
		</step>
		<step id="loan-additional-info" parent="abstractObjectAssemblyStep"
			next="payment-details">
			<tasklet>
				<chunk reader="loanAdditionalInfoBuilder" writer="loanAdditionalInfoBuilder"
					processor="loanAdditionalInfoBuilder" />
			</tasklet>
		</step>

		<!-- <step id="disbursal-payment-details" parent="abstractObjectAssemblyStep" 
			next="payment-details"> <tasklet> <chunk reader="disbPayDetInfoBuilder" writer="disbPayDetInfoBuilder" 
			processor="disbPayDetInfoBuilder" /> </tasklet> </step> -->
		<step id="payment-details" parent="abstractObjectAssemblyStep"
			next="advice-details">
			<tasklet>
				<chunk reader="payDetInfoBuilder" writer="payDetInfoBuilder"
					processor="payDetInfoBuilder" />
			</tasklet>
		</step>
		<step id="advice-details" parent="abstractObjectAssemblyStep"
			next="loan-mis-details">
			<tasklet>
				<chunk reader="adviceDetInfoBuilder" writer="adviceDetInfoBuilder"
					processor="adviceDetInfoBuilder" />
			</tasklet>
		</step>
		<step id="loan-mis-details" parent="abstractObjectAssemblyStep"
			next="loan-reschedule-details">
			<tasklet>
				<chunk reader="loanMISInfoBuilder" writer="loanMISInfoBuilder"
					processor="loanMISInfoBuilder" />
			</tasklet>
		</step>
		<step id="loan-reschedule-details" parent="abstractObjectAssemblyStep"
			next="termination-hdr-details">
			<tasklet>
				<chunk reader="loanRescheduleBuilder" writer="loanRescheduleBuilder"
					processor="loanRescheduleBuilder" />
			</tasklet>
		</step>
		<step id="termination-hdr-details" parent="abstractObjectAssemblyStep"
			next="termination-dtl-details">
			<tasklet>
				<chunk reader="loanTerminationHdrBuilder" writer="loanTerminationHdrBuilder"
					processor="loanTerminationHdrBuilder" />
			</tasklet>
		</step>
		<step id="termination-dtl-details" parent="abstractObjectAssemblyStep"
			next="cancellation-hdr-details">
			<tasklet>
				<chunk reader="loanTerminationDtlBuilder" writer="loanTerminationDtlBuilder"
					processor="loanTerminationDtlBuilder" />
			</tasklet>
		</step>



		<step id="cancellation-hdr-details" parent="abstractObjectAssemblyStep"
			next="graded-slab-details">
			<tasklet>
				<chunk reader="loanCancelHdrBuilder" writer="loanCancelHdrBuilder"
					processor="loanCancelHdrBuilder" />
			</tasklet>
		</step>
		<!-- <step id="cancellation-dtl-details" parent="abstractObjectAssemblyStep" 
			next="graded-slab-details"> <tasklet> <chunk reader="loanCancelDtlBuilder" 
			writer="loanCancelDtlBuilder" processor="loanCancelDtlBuilder" /> </tasklet> 
			</step> -->
		<step id="graded-slab-details" parent="abstractObjectAssemblyStep"
			next="bucket-dpd-details">
			<tasklet>
				<chunk reader="gradedSlabBuilder" writer="gradedSlabBuilder"
					processor="gradedSlabBuilder" />
			</tasklet>
		</step>
		<step id="bucket-dpd-details" parent="abstractObjectAssemblyStep"
			next="concurrency-details">
			<tasklet>
				<chunk reader="bucketDPDBuilder" writer="bucketDPDBuilder"
					processor="bucketDPDBuilder" />
			</tasklet>
		</step>
		<step id="concurrency-details" parent="abstractObjectAssemblyStep"
			next="sub-loan-details">
			<tasklet>
				<chunk reader="concurrencyBuilder" writer="concurrencyBuilder"
					processor="concurrencyBuilder" />
			</tasklet>
		</step>
		<step id="sub-loan-details" parent="abstractObjectAssemblyStep"
			next="cas-loan-app-details">
			<tasklet>
				<chunk reader="subLoanBuilder" writer="subLoanBuilder"
					processor="subLoanBuilder" />
			</tasklet>
		</step>
		<step id="cas-loan-app-details" parent="abstractObjectAssemblyStep"
			next="loan_task_map_details">
			<tasklet>
				<chunk reader="casLoanAppBuilder" writer="casLoanAppBuilder"
					processor="casLoanAppBuilder" />
			</tasklet>
		</step>

		<step id="loan_task_map_details" parent="abstractObjectAssemblyStep"
			next="allocation_details">
			<tasklet>
				<chunk reader="loanTaskMapBuilder" writer="loanTaskMapBuilder"
					processor="loanTaskMapBuilder" />
			</tasklet>
		</step>

		<step id="allocation_details" parent="abstractObjectAssemblyStep"
			next="accrual_details">
			<tasklet>
				<chunk reader="allocationDetailsBuilder" writer="allocationDetailsBuilder"
					processor="allocationDetailsBuilder" />
			</tasklet>
		</step>
		<step id="accrual_details" parent="abstractObjectAssemblyStep">
			<tasklet>
				<chunk reader="accrualDetailsBuilder" writer="accrualDetailsBuilder"
					processor="accrualDetailsBuilder" />
			</tasklet>
		</step>
	</job>

	<bean id="loanAccountBuilder"
		class="com.nucleus.tools.datasanitizer.assembler.DataTreeChunkBuilder">
		<property name="parentKeyExpression" value="id" />
		<property name="childSelectQuery"
			value="SELECT SYSTIMESTAMP AS SYSTEM_DATE,T.BUSINESS_DATE,LLD.* FROM TENANT T ,LMS_LOANACCOUNT_DTL LLD WHERE T.ID = LLD.TENANT_ID AND  LLD.ID = ?" />
		<property name="childKey" value="loan_account" />
	</bean>
	<bean id="disbursalDetailBuilder"
		class="com.nucleus.tools.datasanitizer.assembler.DataTreeChunkBuilder">
		<property name="parentNodeExpression" value="loan_account" />
		<property name="parentKeyExpression" value="id" />
		<property name="childSelectQuery"
			value="select * from LMS_Disbursal_Dtl where loanid = ?" />
		<property name="childKey" value="disbursal_details" />
		<property name="collectionChild" value="true" />
	</bean>
	<bean id="disbursalDetailBreakupBuilder"
		class="com.nucleus.tools.datasanitizer.assembler.DataTreeChunkBuilder">
		<property name="parentNodeExpression" value="loan_account.disbursal_details" />
		<property name="parentKeyExpression" value="id" />
		<property name="childSelectQuery"
			value="select * from LMS_Disbursal_BreakUp_Dtl where disbursal_id = ?" />
		<property name="childKey" value="disbursal_details_breakup" />
		<property name="collectionChild" value="true" />
	</bean>

	<bean id="repaymentBuilder"
		class="com.nucleus.tools.datasanitizer.assembler.DataTreeChunkBuilder">
		<property name="parentNodeExpression" value="loan_account" />
		<property name="parentKeyExpression" value="id" />
		<property name="childSelectQuery"
			value="select * from lms_repayschedule_dtl where loanid = ? ORDER BY DUEDATE" />
		<property name="childKey" value="loan_repayment" />
		<property name="collectionChild" value="true" />
	</bean>
	<bean id="loanAdditionalInfoBuilder"
		class="com.nucleus.tools.datasanitizer.assembler.DataTreeChunkBuilder">
		<property name="parentNodeExpression" value="loan_account" />
		<property name="parentKeyExpression" value="id" />
		<property name="childSelectQuery"
			value="select * from lms_loan_Additional_info_dtl where loanid = ? " />
		<property name="childKey" value="loan_additional_info" />
	</bean>
	<bean id="disbPayDetInfoBuilder"
		class="com.nucleus.tools.datasanitizer.assembler.DataTreeChunkBuilder">
		<property name="parentNodeExpression"
			value="(disbursal_details_breakup in loan_account.disbursal_details)" />
		<property name="parentKeyExpression" value="id" />
		<property name="childSelectQuery"
			value="select * from LMS_DISBURSAL_PAYMENT_DTL where disbursal_breakupid = ? " />
		<property name="childKey" value="disbursal_payment_details" />
		<property name="collectionChild" value="true" />
	</bean>
	<bean id="payDetInfoBuilder"
		class="com.nucleus.tools.datasanitizer.assembler.DataTreeChunkBuilder">
		<property name="parentNodeExpression" value="loan_account" />
		<property name="parentKeyExpression" value="id" />
		<property name="childSelectQuery"
			value="select * from LMS_RECEIPTPAYMENT_DTL where loanid = ? " />
		<property name="childKey" value="payment_details" />
		<property name="collectionChild" value="true" />
	</bean>
	<bean id="adviceDetInfoBuilder"
		class="com.nucleus.tools.datasanitizer.assembler.DataTreeChunkBuilder">
		<property name="parentNodeExpression" value="loan_account" />
		<property name="parentKeyExpression" value="id" />
		<property name="childSelectQuery"
			value="select * from LMS_RECEIVABLEPAYABLE_DTL where loanid = ? " />
		<property name="childKey" value="advice_details" />
		<property name="collectionChild" value="true" />
	</bean>

	<bean id="loanMISInfoBuilder"
		class="com.nucleus.tools.datasanitizer.assembler.DataTreeChunkBuilder">
		<property name="parentNodeExpression" value="loan_account" />
		<property name="parentKeyExpression" value="id" />
		<property name="childSelectQuery"
			value="select * from LMS_LOAN_MIS_DTL where loanid = ? " />
		<property name="childKey" value="loan_mis_details" />
	</bean>


	<bean id="loanRescheduleBuilder"
		class="com.nucleus.tools.datasanitizer.assembler.DataTreeChunkBuilder">
		<property name="parentNodeExpression" value="loan_account" />
		<property name="parentKeyExpression" value="id" />
		<property name="childSelectQuery"
			value="select * from LMS_LOAN_RESCHEDULE_DTL where loanid = ? " />
		<property name="childKey" value="loan_reschedule_details" />
		<property name="collectionChild" value="true" />
	</bean>



	<bean id="loanTerminationHdrBuilder"
		class="com.nucleus.tools.datasanitizer.assembler.DataTreeChunkBuilder">
		<property name="parentNodeExpression" value="loan_account" />
		<property name="parentKeyExpression" value="id" />
		<property name="childSelectQuery"
			value="select * from LMS_TERMINATION_HDR where loanid = ? " />
		<property name="childKey" value="termination_hdr_details" />
		<property name="collectionChild" value="true" />
	</bean>

	<bean id="loanTerminationDtlBuilder"
		class="com.nucleus.tools.datasanitizer.assembler.DataTreeChunkBuilder">
		<property name="parentNodeExpression" value="loan_account" />
		<property name="parentKeyExpression" value="id" />
		<property name="childSelectQuery"
			value="select * from LMS_TERMINATION_DTL where loanid = ? " />
		<property name="childKey" value="termination_dtl_details" />
		<property name="collectionChild" value="true" />
	</bean>

	<bean id="loanCancelHdrBuilder"
		class="com.nucleus.tools.datasanitizer.assembler.DataTreeChunkBuilder">
		<property name="parentNodeExpression" value="loan_account" />
		<property name="parentKeyExpression" value="id" />
		<property name="childSelectQuery"
			value="select * from LMS_CANCELLATION_HDR where loanid = ? " />
		<property name="childKey" value="canc_hdr_dtls" />
		<property name="collectionChild" value="true" />
	</bean>
	<bean id="loanCancelDtlBuilder"
		class="com.nucleus.tools.datasanitizer.assembler.DataTreeChunkBuilder">
		<property name="parentNodeExpression" value="loan_account.canc_hdr_dtls" />
		<property name="parentKeyExpression" value="id" />
		<property name="childSelectQuery"
			value="select * from LMS_CANCELLATION_DTL where CANCELLATION_REF_ID = ? " />
		<property name="childKey" value="cancellation_dtl_details" />
		<property name="collectionChild" value="true" />
	</bean>




	<bean id="gradedSlabBuilder"
		class="com.nucleus.tools.datasanitizer.assembler.DataTreeChunkBuilder">
		<property name="parentNodeExpression" value="loan_account" />
		<property name="parentKeyExpression" value="id" />
		<property name="childSelectQuery"
			value="select * from LMS_LOAN_GRADED_SLAB_DTL where loanid = ? " />
		<property name="childKey" value="graded_slab_details" />
		<property name="collectionChild" value="true" />
	</bean>
	<bean id="bucketDPDBuilder"
		class="com.nucleus.tools.datasanitizer.assembler.DataTreeChunkBuilder">
		<property name="parentNodeExpression" value="loan_account" />
		<property name="parentKeyExpression" value="id" />
		<property name="childSelectQuery"
			value="select * from LMS_BUCKET_DPD_DTL where loanid = ? " />
		<property name="childKey" value="bucket_dpd_details" />
		<property name="collectionChild" value="true" />
	</bean>
	<bean id="concurrencyBuilder"
		class="com.nucleus.tools.datasanitizer.assembler.DataTreeChunkBuilder">
		<property name="parentNodeExpression" value="loan_account" />
		<property name="parentKeyExpression" value="id" />
		<property name="childSelectQuery"
			value="select * from CONCURRENCY_HANDLER where loanid = ? " />
		<property name="childKey" value="concurrency_details" />
	</bean>

	<bean id="subLoanBuilder"
		class="com.nucleus.tools.datasanitizer.assembler.DataTreeChunkBuilder">
		<property name="parentNodeExpression" value="loan_account" />
		<property name="parentKeyExpression" value="source_application_id" />
		<property name="childSelectQuery" value="select * from SUB_LOAN where ID = ? " />
		<property name="childKey" value="sub_loan_details" />
		<property name="collectionChild" value="true" />
	</bean>
	<bean id="casLoanAppBuilder"
		class="com.nucleus.tools.datasanitizer.assembler.DataTreeChunkBuilder">
		<property name="parentNodeExpression" value="loan_account" />
		<property name="parentKeyExpression" value="fileno" />
		<property name="childSelectQuery"
			value="select * from LOAN_APPLICATION where APPLICATION_NUMBER = ? " />
		<property name="childKey" value="cas_loan_app_details" />
	</bean>
	<bean id="loanTaskMapBuilder"
		class="com.nucleus.tools.datasanitizer.assembler.DataTreeChunkBuilder">
		<property name="parentNodeExpression" value="loan_account.cas_loan_app_details" />
		<property name="parentKeyExpression" value="id" />
		<property name="childSelectQuery"
			value="select * from LOAN_TASK_MAPPING_MODEL where application_fk = ? " />
		<property name="childKey" value="loan_task_map_details" />
		<property name="collectionChild" value="true" />
	</bean>



	<bean id="allocationDetailsBuilder"
		class="com.nucleus.tools.datasanitizer.assembler.DataTreeChunkBuilder">
		<property name="parentNodeExpression" value="loan_account" />
		<property name="parentKeyExpression" value="id" />
		<property name="childSelectQuery"
			value="select * from LMS_ALLOCATION_DTL where LOANID = ? " />
		<property name="childKey" value="allocation_details" />
		<property name="collectionChild" value="true" />
	</bean>

	<bean id="accrualDetailsBuilder"
		class="com.nucleus.tools.datasanitizer.assembler.DataTreeChunkBuilder">
		<property name="parentNodeExpression" value="loan_account" />
		<property name="parentKeyExpression" value="id" />
		<property name="childSelectQuery"
			value="select * from LMS_ACCRUAL_INCOME_DTL where LOANID = ? " />
		<property name="childKey" value="accrual_details" />
		<property name="collectionChild" value="true" />
	</bean>



</beans>