<beans xmlns="http://www.springframework.org/schema/beans"
	xmlns:batch="http://www.springframework.org/schema/batch" xmlns:xsi="http://www.w3.org/2001/XMLSchema-instance"
	xsi:schemaLocation="http://www.springframework.org/schema/batch
		http://www.springframework.org/schema/batch/spring-batch-3.0.xsd
		http://www.springframework.org/schema/beans 
		http://www.springframework.org/schema/beans/spring-beans-3.2.xsd">

	<job id="object-assembly-job" xmlns="http://www.springframework.org/schema/batch"
		parent="abstractObjectAssemblyJob">
		<step id="load-loan-account-detail" parent="abstractObjectAssemblyStep"
			next="load-disbursal-detail">
			<tasklet>
				<chunk reader="loanAccountBuilder" writer="loanAccountBuilder"
					processor="loanAccountBuilder" />
			</tasklet>
		</step>

		<step id="load-disbursal-detail" parent="abstractObjectAssemblyStep"
			next="load-disbursal-breakup">
			<tasklet>
				<chunk reader="disbursalDetailBuilder" writer="disbursalDetailBuilder"
					processor="disbursalDetailBuilder" />
			</tasklet>
		</step>

		<step id="load-disbursal-breakup" parent="abstractObjectAssemblyStep"
			next="loan-repayment">
			<tasklet>
				<chunk reader="disbursalDetailBreakupBuilder" writer="disbursalDetailBreakupBuilder"
					processor="disbursalDetailBreakupBuilder" />
			</tasklet>
		</step>

		<step id="loan-repayment" parent="abstractObjectAssemblyStep"
			next="loan-additional-info">
			<tasklet>
				<chunk reader="repaymentBuilder" writer="repaymentBuilder"
					processor="repaymentBuilder" />
			</tasklet>
		</step>
		<step id="loan-additional-info" parent="abstractObjectAssemblyStep"
			next="payment-details">
			<tasklet>
				<chunk reader="loanAdditionalInfoBuilder" writer="loanAdditionalInfoBuilder"
					processor="loanAdditionalInfoBuilder" />
			</tasklet>
		</step>

		<!-- <step id="disbursal-payment-details" parent="abstractObjectAssemblyStep" 
			next="payment-details"> <tasklet> <chunk reader="disbPayDetInfoBuilder" writer="disbPayDetInfoBuilder" 
			processor="disbPayDetInfoBuilder" /> </tasklet> </step> -->
		<step id="payment-details" parent="abstractObjectAssemblyStep"
			next="advice-details">
			<tasklet>
				<chunk reader="payDetInfoBuilder" writer="payDetInfoBuilder"
					processor="payDetInfoBuilder" />
			</tasklet>
		</step>
		<step id="advice-details" parent="abstractObjectAssemblyStep"
			next="loan-mis-details">
			<tasklet>
				<chunk reader="adviceDetInfoBuilder" writer="adviceDetInfoBuilder"
					processor="adviceDetInfoBuilder" />
			</tasklet>
		</step>
		<step id="loan-mis-details" parent="abstractObjectAssemblyStep"
			next="loan-reschedule-details">
			<tasklet>
				<chunk reader="loanMISInfoBuilder" writer="loanMISInfoBuilder"
					processor="loanMISInfoBuilder" />
			</tasklet>
		</step>
		<step id="loan-reschedule-details" parent="abstractObjectAssemblyStep"
			next="termination-hdr-details">
			<tasklet>
				<chunk reader="loanRescheduleBuilder" writer="loanRescheduleBuilder"
					processor="loanRescheduleBuilder" />
			</tasklet>
		</step>
		<step id="termination-hdr-details" parent="abstractObjectAssemblyStep"
			next="termination-dtl-details">
			<tasklet>
				<chunk reader="loanTerminationHdrBuilder" writer="loanTerminationHdrBuilder"
					processor="loanTerminationHdrBuilder" />
			</tasklet>
		</step>
		<step id="termination-dtl-details" parent="abstractObjectAssemblyStep"
			next="cancellation-hdr-details">
			<tasklet>
				<chunk reader="loanTerminationDtlBuilder" writer="loanTerminationDtlBuilder"
					processor="loanTerminationDtlBuilder" />
			</tasklet>
		</step>



		<step id="cancellation-hdr-details" parent="abstractObjectAssemblyStep"
			next="graded-slab-details">
			<tasklet>
				<chunk reader="loanCancelHdrBuilder" writer="loanCancelHdrBuilder"
					processor="loanCancelHdrBuilder" />
			</tasklet>
		</step>
		<!-- <step id="cancellation-dtl-details" parent="abstractObjectAssemblyStep" 
			next="graded-slab-details"> <tasklet> <chunk reader="loanCancelDtlBuilder" 
			writer="loanCancelDtlBuilder" processor="loanCancelDtlBuilder" /> </tasklet> 
			</step> -->
		<step id="graded-slab-details" parent="abstractObjectAssemblyStep"
			next="bucket-dpd-details">
			<tasklet>
				<chunk reader="gradedSlabBuilder" writer="gradedSlabBuilder"
					processor="gradedSlabBuilder" />
			</tasklet>
		</step>
		<step id="bucket-dpd-details" parent="abstractObjectAssemblyStep"
			next="concurrency-details">
			<tasklet>
				<chunk reader="bucketDPDBuilder" writer="bucketDPDBuilder"
					processor="bucketDPDBuilder" />
			</tasklet>
		</step>
		<step id="concurrency-details" parent="abstractObjectAssemblyStep"
			next="sub-loan-details">
			<tasklet>
				<chunk reader="concurrencyBuilder" writer="concurrencyBuilder"
					processor="concurrencyBuilder" />
			</tasklet>
		</step>
		<step id="sub-loan-details" parent="abstractObjectAssemblyStep"
			next="cas-loan-app-details">
			<tasklet>
				<chunk reader="subLoanBuilder" writer="subLoanBuilder"
					processor="subLoanBuilder" />
			</tasklet>
		</step>
		<step id="cas-loan-app-details" parent="abstractObjectAssemblyStep"
			next="loan_task_map_details">
			<tasklet>
				<chunk reader="casLoanAppBuilder" writer="casLoanAppBuilder"
					processor="casLoanAppBuilder" />
			</tasklet>
		</step>

		<step id="loan_task_map_details" parent="abstractObjectAssemblyStep"
			next="allocation_details">
			<tasklet>
				<chunk reader="loanTaskMapBuilder" writer="loanTaskMapBuilder"
					processor="loanTaskMapBuilder" />
			</tasklet>
		</step>

		<step id="allocation_details" parent="abstractObjectAssemblyStep"
			next="accrual_details">
			<tasklet>
				<chunk reader="allocationDetailsBuilder" writer="allocationDetailsBuilder"
					processor="allocationDetailsBuilder" />
			</tasklet>
		</step>
		<step id="accrual_details" parent="abstractObjectAssemblyStep" next="party_details">
			<tasklet>
				<chunk reader="accrualDetailsBuilder" writer="accrualDetailsBuilder"
					processor="accrualDetailsBuilder" />
			</tasklet>
		</step>
		<step id="party_details" parent="abstractObjectAssemblyStep" next="charge_exec_details">
			<tasklet>
				<chunk reader="partyDetailsBuilder" writer="partyDetailsBuilder"
					processor="partyDetailsBuilder" />
			</tasklet>
		</step>
		<!-- <step id="act_ru_task_details" parent="abstractObjectAssemblyStep">
			<tasklet>
				<chunk reader="taskDetailsBuilder" writer="taskDetailsBuilder"
					processor="taskDetailsBuilder" />
			</tasklet>
		</step> -->
		<!-- <step id="party_document_details" parent="abstractObjectAssemblyStep" next="charge_exec_details">
			<tasklet>
				<chunk reader="partyDocumentDetailsBuilder" writer="partyDocumentDetailsBuilder"
					processor="partyDocumentDetailsBuilder" />
			</tasklet>
 		</step> -->
		<step id="charge_exec_details" parent="abstractObjectAssemblyStep" next="customer_details">
			<tasklet>
				<chunk reader="chargeExecDetailsBuilder" writer="chargeExecDetailsBuilder"
					processor="chargeExecDetailsBuilder" />
			</tasklet>
		</step>
<!-- 		<step id="person_info_details" parent="abstractObjectAssemblyStep" next="customer_details"> -->
<!-- 			<tasklet> -->
<!-- 				<chunk reader="personInfoDetailsBuilder" writer="personInfoDetailsBuilder" -->
<!-- 					processor="personInfoDetailsBuilder" /> -->
<!-- 			</tasklet> -->
<!-- 		</step> -->
		<step id="customer_details" parent="abstractObjectAssemblyStep" next="rpschedule_details">
			<tasklet>
				<chunk reader="customerDetailsBuilder" writer="customerDetailsBuilder"
					processor="customerDetailsBuilder" />
			</tasklet>
		</step>
		<step id="rpschedule_details" parent="abstractObjectAssemblyStep" next="disbursal_details">
			<tasklet>
				<chunk reader="rpScheduleDetailsBuilder" writer="rpScheduleDetailsBuilder"
					processor="rpScheduleDetailsBuilder" />
			</tasklet>
		</step>
		<step id="disbursal_details" parent="abstractObjectAssemblyStep" next="app_charges_details">
			<tasklet>
				<chunk reader="disbursalDetailsBuilder" writer="disbursalDetailsBuilder"
					processor="disbursalDetailsBuilder" />
			</tasklet>
		</step>
		<!-- <step id="disbursal_schedule_details" parent="abstractObjectAssemblyStep">
			<tasklet>
				<chunk reader="disbursalScheduleDetailsBuilder" writer="disbursalScheduleDetailsBuilder"
					processor="disbursalScheduleDetailsBuilder" />
			</tasklet>
		</step> -->
		<step id="app_charges_details" parent="abstractObjectAssemblyStep" next="tds_details">
			<tasklet>
				<chunk reader="appChargesDetailsBuilder" writer="appChargesDetailsBuilder"
					processor="appChargesDetailsBuilder" />
			</tasklet>
		</step>
		<step id="tds_details" parent="abstractObjectAssemblyStep" next="tds_txn_details">
			<tasklet>
				<chunk reader="tdsDetailsBuilder" writer="tdsDetailsBuilder"
					processor="tdsDetailsBuilder" />
			</tasklet>
		</step>
		<step id="tds_txn_details" parent="abstractObjectAssemblyStep" next="subvention_details">
			<tasklet>
				<chunk reader="tdsTxnDetailsBuilder" writer="tdsTxnDetailsBuilder"
					processor="tdsTxnDetailsBuilder" />
			</tasklet>
		</step>
		<step id="subvention_details" parent="abstractObjectAssemblyStep" next="subvention_txn_details">
			<tasklet>
				<chunk reader="subventionDetailsBuilder" writer="subventionDetailsBuilder"
					processor="subventionDetailsBuilder" />
			</tasklet>
		</step>
		<step id="subvention_txn_details" parent="abstractObjectAssemblyStep" next="tiered_rate_details">
			<tasklet>
				<chunk reader="subventionTxnDetailsBuilder" writer="subventionTxnDetailsBuilder"
					processor="subventionTxnDetailsBuilder" />
			</tasklet>
		</step>
		<step id="tiered_rate_details" parent="abstractObjectAssemblyStep" next="pdc_details">
			<tasklet>
				<chunk reader="tieredRateDetailsBuilder" writer="tieredRateDetailsBuilder"
					processor="tieredRateDetailsBuilder" />
			</tasklet>
		</step>
		<step id="pdc_details" parent="abstractObjectAssemblyStep" next="knockoff_details">
			<tasklet>
				<chunk reader="pdcDetailsBuilder" writer="pdcDetailsBuilder"
					processor="pdcDetailsBuilder" />
			</tasklet>
		</step>
		<step id="knockoff_details" parent="abstractObjectAssemblyStep" next="knockoff_hdr_details">
			<tasklet>
				<chunk reader="knockoffDetailsBuilder" writer="knockoffDetailsBuilder"
					processor="knockoffDetailsBuilder" />
			</tasklet>
		</step>
		<step id="knockoff_hdr_details" parent="abstractObjectAssemblyStep" next="vap_details">
			<tasklet>
				<chunk reader="knockoffHeaderDetailsBuilder" writer="knockoffHeaderDetailsBuilder"
					processor="knockoffHeaderDetailsBuilder" />
			</tasklet>
		</step>
		<!-- <step id="generic_details" parent="abstractObjectAssemblyStep">
			<tasklet>
				<chunk reader="genericDetailsBuilder" writer="genericDetailsBuilder"
					processor="genericDetailsBuilder" />
			</tasklet>
		</step> -->
		<step id="vap_details" parent="abstractObjectAssemblyStep" next="rate_pos_details">
			<tasklet>
				<chunk reader="vapDetailsBuilder" writer="vapDetailsBuilder"
					processor="vapDetailsBuilder" />
			</tasklet>
		</step>
		<step id="rate_pos_details" parent="abstractObjectAssemblyStep" next="col_mapping_details">
			<tasklet>
				<chunk reader="ratePosDetailsBuilder" writer="ratePosDetailsBuilder"
					processor="ratePosDetailsBuilder" />
			</tasklet>
		</step>
		<step id="col_mapping_details" parent="abstractObjectAssemblyStep" next="global_collateral_entity_details">
			<tasklet>
				<chunk reader="colMapDetailsBuilder" writer="colMapDetailsBuilder"
					processor="colMapDetailsBuilder" />
			</tasklet>
		</step>
		<step id="global_collateral_entity_details" parent="abstractObjectAssemblyStep" next="doc_map_details">
			<tasklet>
				<chunk reader="gcfDetailsBuilder" writer="gcfDetailsBuilder"
					processor="gcfDetailsBuilder" />
			</tasklet>
		</step>
		<step id="doc_map_details" parent="abstractObjectAssemblyStep" next="lendoc_details">
			<tasklet>
				<chunk reader="docMapDetailsBuilder" writer="docMapDetailsBuilder"
					processor="docMapDetailsBuilder" />
			</tasklet>
		</step>
		<step id="lendoc_details" parent="abstractObjectAssemblyStep">
			<tasklet>
				<chunk reader="lenDocDetailsBuilder" writer="lenDocDetailsBuilder"
					processor="lenDocDetailsBuilder" />
			</tasklet>
		</step>
		<!-- <step id="document_entry_details" parent="abstractObjectAssemblyStep">
			<tasklet>
				<chunk reader="docEntryDetailsBuilder" writer="docEntryDetailsBuilder"
					processor="docEntryDetailsBuilder" />
			</tasklet>
		</step> -->
		
		
	</job>

	<bean id="loanAccountBuilder"
		class="com.nucleus.tools.datasanitizer.assembler.DataTreeChunkBuilder">
		<property name="parentKeyExpression" value="id" />
		<property name="childSelectQuery"
			value="SELECT SYSTIMESTAMP AS SYSTEM_DATE,T.BUSINESS_DATE,LLD.* FROM TENANT T ,LMS_LOANACCOUNT_DTL LLD WHERE T.ID = LLD.TENANT_ID AND  LLD.ID = ?" />
		<property name="childKey" value="loan_account" />
	</bean>
	<bean id="disbursalDetailBuilder"
		class="com.nucleus.tools.datasanitizer.assembler.DataTreeChunkBuilder">
		<property name="parentNodeExpression" value="loan_account" />
		<property name="parentKeyExpression" value="id" />
		<property name="childSelectQuery"
			value="select * from LMS_Disbursal_Dtl where loanid = ?" />
		<property name="childKey" value="disbursal_details" />
		<property name="collectionChild" value="true" />
	</bean>
	<bean id="disbursalDetailBreakupBuilder"
		class="com.nucleus.tools.datasanitizer.assembler.DataTreeChunkBuilder">
		<property name="parentNodeExpression" value="loan_account.disbursal_details" />
		<property name="parentKeyExpression" value="id" />
		<property name="childSelectQuery"
			value="select * from LMS_Disbursal_BreakUp_Dtl where disbursal_id = ?" />
		<property name="childKey" value="disbursal_details_breakup" />
		<property name="collectionChild" value="true" />
	</bean>

	<bean id="repaymentBuilder"
		class="com.nucleus.tools.datasanitizer.assembler.DataTreeChunkBuilder">
		<property name="parentNodeExpression" value="loan_account" />
		<property name="parentKeyExpression" value="id" />
		<property name="childSelectQuery"
			value="select * from lms_repayschedule_dtl where loanid = ? ORDER BY DUEDATE" />
		<property name="childKey" value="loan_repayment" />
		<property name="collectionChild" value="true" />
	</bean>
	<bean id="loanAdditionalInfoBuilder"
		class="com.nucleus.tools.datasanitizer.assembler.DataTreeChunkBuilder">
		<property name="parentNodeExpression" value="loan_account" />
		<property name="parentKeyExpression" value="id" />
		<property name="childSelectQuery"
			value="select * from lms_loan_Additional_info_dtl where loanid = ? " />
		<property name="childKey" value="loan_additional_info" />
	</bean>
	<bean id="disbPayDetInfoBuilder"
		class="com.nucleus.tools.datasanitizer.assembler.DataTreeChunkBuilder">
		<property name="parentNodeExpression"
			value="(disbursal_details_breakup in loan_account.disbursal_details)" />
		<property name="parentKeyExpression" value="id" />
		<property name="childSelectQuery"
			value="select * from LMS_DISBURSAL_PAYMENT_DTL where disbursal_breakupid = ? " />
		<property name="childKey" value="disbursal_payment_details" />
		<property name="collectionChild" value="true" />
	</bean>
	<bean id="payDetInfoBuilder"
		class="com.nucleus.tools.datasanitizer.assembler.DataTreeChunkBuilder">
		<property name="parentNodeExpression" value="loan_account" />
		<property name="parentKeyExpression" value="id" />
		<property name="childSelectQuery"
			value="select * from LMS_RECEIPTPAYMENT_DTL where loanid = ? " />
		<property name="childKey" value="payment_details" />
		<property name="collectionChild" value="true" />
	</bean>
	<bean id="adviceDetInfoBuilder"
		class="com.nucleus.tools.datasanitizer.assembler.DataTreeChunkBuilder">
		<property name="parentNodeExpression" value="loan_account" />
		<property name="parentKeyExpression" value="id" />
		<property name="childSelectQuery"
			value="select * from LMS_RECEIVABLEPAYABLE_DTL where loanid = ? " />
		<property name="childKey" value="advice_details" />
		<property name="collectionChild" value="true" />
	</bean>

	<bean id="loanMISInfoBuilder"
		class="com.nucleus.tools.datasanitizer.assembler.DataTreeChunkBuilder">
		<property name="parentNodeExpression" value="loan_account" />
		<property name="parentKeyExpression" value="id" />
		<property name="childSelectQuery"
			value="select * from LMS_LOAN_MIS_DTL where loanid = ? " />
		<property name="childKey" value="loan_mis_details" />
	</bean>


	<bean id="loanRescheduleBuilder"
		class="com.nucleus.tools.datasanitizer.assembler.DataTreeChunkBuilder">
		<property name="parentNodeExpression" value="loan_account" />
		<property name="parentKeyExpression" value="id" />
		<property name="childSelectQuery"
			value="select * from LMS_LOAN_RESCHEDULE_DTL where loanid = ? " />
		<property name="childKey" value="loan_reschedule_details" />
		<property name="collectionChild" value="true" />
	</bean>



	<bean id="loanTerminationHdrBuilder"
		class="com.nucleus.tools.datasanitizer.assembler.DataTreeChunkBuilder">
		<property name="parentNodeExpression" value="loan_account" />
		<property name="parentKeyExpression" value="id" />
		<property name="childSelectQuery"
			value="select * from LMS_TERMINATION_HDR where loanid = ? " />
		<property name="childKey" value="termination_hdr_details" />
		<property name="collectionChild" value="true" />
	</bean>

	<bean id="loanTerminationDtlBuilder"
		class="com.nucleus.tools.datasanitizer.assembler.DataTreeChunkBuilder">
		<property name="parentNodeExpression" value="loan_account" />
		<property name="parentKeyExpression" value="id" />
		<property name="childSelectQuery"
			value="select * from LMS_TERMINATION_DTL where loanid = ? " />
		<property name="childKey" value="termination_dtl_details" />
		<property name="collectionChild" value="true" />
	</bean>

	<bean id="loanCancelHdrBuilder"
		class="com.nucleus.tools.datasanitizer.assembler.DataTreeChunkBuilder">
		<property name="parentNodeExpression" value="loan_account" />
		<property name="parentKeyExpression" value="id" />
		<property name="childSelectQuery"
			value="select * from LMS_CANCELLATION_HDR where loanid = ? " />
		<property name="childKey" value="canc_hdr_dtls" />
		<property name="collectionChild" value="true" />
	</bean>
	<bean id="loanCancelDtlBuilder"
		class="com.nucleus.tools.datasanitizer.assembler.DataTreeChunkBuilder">
		<property name="parentNodeExpression" value="loan_account.canc_hdr_dtls" />
		<property name="parentKeyExpression" value="id" />
		<property name="childSelectQuery"
			value="select * from LMS_CANCELLATION_DTL where CANCELLATION_REF_ID = ? " />
		<property name="childKey" value="cancellation_dtl_details" />
		<property name="collectionChild" value="true" />
	</bean>




	<bean id="gradedSlabBuilder"
		class="com.nucleus.tools.datasanitizer.assembler.DataTreeChunkBuilder">
		<property name="parentNodeExpression" value="loan_account" />
		<property name="parentKeyExpression" value="id" />
		<property name="childSelectQuery"
			value="select * from LMS_LOAN_GRADED_SLAB_DTL where loanid = ? " />
		<property name="childKey" value="graded_slab_details" />
		<property name="collectionChild" value="true" />
	</bean>
	<bean id="bucketDPDBuilder"
		class="com.nucleus.tools.datasanitizer.assembler.DataTreeChunkBuilder">
		<property name="parentNodeExpression" value="loan_account" />
		<property name="parentKeyExpression" value="id" />
		<property name="childSelectQuery"
			value="select * from LMS_BUCKET_DPD_DTL where loanid = ? " />
		<property name="childKey" value="bucket_dpd_details" />
		<property name="collectionChild" value="true" />
	</bean>
	<bean id="concurrencyBuilder"
		class="com.nucleus.tools.datasanitizer.assembler.DataTreeChunkBuilder">
		<property name="parentNodeExpression" value="loan_account" />
		<property name="parentKeyExpression" value="id" />
		<property name="childSelectQuery"
			value="select * from CONCURRENCY_HANDLER where loanid = ? " />
		<property name="childKey" value="concurrency_details" />
	</bean>

	<bean id="subLoanBuilder"
		class="com.nucleus.tools.datasanitizer.assembler.DataTreeChunkBuilder">
		<property name="parentNodeExpression" value="loan_account" />
		<property name="parentKeyExpression" value="source_application_id" />
		<property name="childSelectQuery" value="select * from SUB_LOAN where ID = ? " />
		<property name="childKey" value="sub_loan_details" />
		<property name="collectionChild" value="true" />
	</bean>
	<bean id="casLoanAppBuilder"
		class="com.nucleus.tools.datasanitizer.assembler.DataTreeChunkBuilder">
		<property name="parentNodeExpression" value="loan_account" />
		<property name="parentKeyExpression" value="fileno" />
		<property name="childSelectQuery"
			value="select * from LOAN_APPLICATION where APPLICATION_NUMBER = ? " />
		<property name="childKey" value="cas_loan_app_details" />
	</bean>
	<bean id="loanTaskMapBuilder"
		class="com.nucleus.tools.datasanitizer.assembler.DataTreeChunkBuilder">
		<property name="parentNodeExpression" value="loan_account.cas_loan_app_details" />
		<property name="parentKeyExpression" value="id" />
		<property name="childSelectQuery"
			value="select * from LOAN_TASK_MAPPING_MODEL where application_fk = ? " />
		<property name="childKey" value="loan_task_map_details" />
		<property name="collectionChild" value="true" />
	</bean>



	<bean id="allocationDetailsBuilder"
		class="com.nucleus.tools.datasanitizer.assembler.DataTreeChunkBuilder">
		<property name="parentNodeExpression" value="loan_account" />
		<property name="parentKeyExpression" value="id" />
		<property name="childSelectQuery"
			value="select * from LMS_ALLOCATION_DTL where LOANID = ? " />
		<property name="childKey" value="allocation_details" />
		<property name="collectionChild" value="true" />
	</bean>

	<bean id="accrualDetailsBuilder"
		class="com.nucleus.tools.datasanitizer.assembler.DataTreeChunkBuilder">
		<property name="parentNodeExpression" value="loan_account" />
		<property name="parentKeyExpression" value="id" />
		<property name="childSelectQuery"
			value="select * from LMS_ACCRUAL_INCOME_DTL where LOANID = ? " />
		<property name="childKey" value="accrual_details" />
		<property name="collectionChild" value="true" />
	</bean>
	
	<bean id="partyDetailsBuilder"
		class="com.nucleus.tools.datasanitizer.assembler.DataTreeChunkBuilder">
		<property name="parentNodeExpression" value="loan_account.cas_loan_app_details" />
		<property name="parentKeyExpression" value="id" />
		<property name="childSelectQuery"
			value="select * from PARTY where loan_application_fk = ? " />
	<property name="childKey" value="party_details" />
	<property name="collectionChild" value="true" />
	</bean>
	
	<!-- <bean id="taskDetailsBuilder"
		class="com.nucleus.tools.datasanitizer.assembler.DataTreeChunkBuilder">
		<property name="parentNodeExpression" value="loan_account.cas_loan_app_details" />
		<property name="parentKeyExpression" value="id" />
		<property name="childSelectQuery"
			value="select * from ACT_RU_TASK ART,ACT_RU_VARIABLE ARV,ACT_RU_VARIABLE ARV2
			 where ARV.PROC_INST_ID_ = ART.PROC_INST_ID_ 
			AND ART.PROC_INST_ID_   = ARV2.PROC_INST_ID_
    		AND ARV.NAME_           = 'applicationId'
    		AND ARV.TEXT_           = TO_CHAR(?) " />
		<property name="childKey" value="task_details" />
		<property name="collectionChild" value="true" />
	</bean> -->
	
<!-- 	<bean id="partyDocumentDetailsBuilder"
		class="com.nucleus.tools.datasanitizer.assembler.DataTreeChunkBuilder">
		<property name="parentNodeExpression" value="loan_account.cas_loan_app_details.party_details" />
		<property name="parentKeyExpression" value="id" />
		<property name="childSelectQuery"
			value="select * from PARTY_DOCUMENTS where party = ?" />
		<property name="childKey" value="party_document_details" />
		<property name="collectionChild" value="true" />
	</bean> -->
	
	<bean id="chargeExecDetailsBuilder"
		class="com.nucleus.tools.datasanitizer.assembler.DataTreeChunkBuilder">
		<property name="parentNodeExpression" value="loan_account.sub_loan_details" />
		<property name="parentKeyExpression" value="id" />
		<property name="childSelectQuery"
			value="select * from CHARGE_POLICY_EXECUTION_ENTRY where REPLACE(SUB_LOANURI,'com.nucleus.core.loan.SubLoan:') = TO_CHAR(?)" />
		<property name="childKey" value="charge_exec_details" />
		<property name="collectionChild" value="true" />
	</bean>
<!-- 	<bean id="personInfoDetailsBuilder" -->
<!-- 		class="com.nucleus.tools.datasanitizer.assembler.DataTreeChunkBuilder"> -->
<!-- 		<property name="parentNodeExpression" value="loan_account.cas_loan_app_details.party_details" /> -->
<!-- 		<property name="parentKeyExpression" value="customer" /> -->
<!-- 		<property name="childSelectQuery" -->
<!-- 			value="select * from PERSON_INFO P, CUSTOMER C where C.PERSON_INFO = P.ID -->
<!-- 			AND C.ID = ? " /> -->
<!-- 		<property name="childKey" value="person_info_details" /> -->
<!-- 		<property name="collectionChild" value="false" /> -->
<!-- 	</bean> -->
	<bean id="customerDetailsBuilder"
		class="com.nucleus.tools.datasanitizer.assembler.DataTreeChunkBuilder">
		<property name="parentNodeExpression" value="loan_account.cas_loan_app_details.party_details" />
		<property name="parentKeyExpression" value="customer" />
		<property name="childSelectQuery"
			value="select * from CUSTOMER C where C.ID = ? " />
		<property name="childKey" value="customer_details" />
		<property name="collectionChild" value="false" />
	</bean>
	<bean id="rpScheduleDetailsBuilder"
		class="com.nucleus.tools.datasanitizer.assembler.DataTreeChunkBuilder">
		<property name="parentNodeExpression" value="loan_account.sub_loan_details" />
		<property name="parentKeyExpression" value="repayment_schedule" />
		<property name="childSelectQuery"
			value="select * from REPAYMENT_SCHEDULE where ID = ? " />
		<property name="childKey" value="rp_schedule_details" />
		<property name="collectionChild" value="false" />
	</bean>
	<bean id="disbursalDetailsBuilder"
		class="com.nucleus.tools.datasanitizer.assembler.DataTreeChunkBuilder">
		<property name="parentNodeExpression" value="loan_account.sub_loan_details" />
		<property name="parentKeyExpression" value="id" />
		<property name="childSelectQuery"
			value="select * from LOAN_DISBURSAL where ID = ? " />
		<property name="childKey" value="disbursal_details" />
		<property name="collectionChild" value="false" />
	</bean>
	<bean id="appChargesDetailsBuilder"
		class="com.nucleus.tools.datasanitizer.assembler.DataTreeChunkBuilder">
		<property name="parentNodeExpression" value="loan_account.sub_loan_details" />
		<property name="parentKeyExpression" value="id" />
		<property name="childSelectQuery"
			value="select * from APPLICATION_CHARGES where sub_loan_fk = ? " />
		<property name="childKey" value="app_charges_details" />
		<property name="collectionChild" value="true" />
	</bean>
	<!-- <bean id="disbursalScheduleDetailsBuilder"
		class="com.nucleus.tools.datasanitizer.assembler.DataTreeChunkBuilder">
		<property name="parentNodeExpression" value="loan_account.sub_loan_details.disbursal_details" />
		<property name="parentKeyExpression" value="id" />
		<property name="childSelectQuery"
			value="select * from DISBURSAL_SCHEDULE_ENTRY A,LOAN_DISB_DISB_SCHEDUL_ENTRY B where A.ID = B.DISBURSAL_SCHEDULE_ENTRY
			AND B.LOAN_DISBURSAL = ? " />
		<property name="childKey" value="disb_sch_entry_details" />
		<property name="collectionChild" value="true" />
	</bean> -->
	<bean id="tdsDetailsBuilder"
		class="com.nucleus.tools.datasanitizer.assembler.DataTreeChunkBuilder">
		<property name="parentNodeExpression" value="loan_account" />
		<property name="parentKeyExpression" value="id" />
		<property name="childSelectQuery"
			value="select * from LMS_TDS_DTL where LOANID = ? " />
		<property name="childKey" value="tds_details" />
		<property name="collectionChild" value="true" />
	</bean>
	<bean id="tdsTxnDetailsBuilder"
		class="com.nucleus.tools.datasanitizer.assembler.DataTreeChunkBuilder">
		<property name="parentNodeExpression" value="loan_account" />
		<property name="parentKeyExpression" value="id" />
		<property name="childSelectQuery"
			value="select * from LMS_TDS_TXN_DTL where LOANID = ? " />
		<property name="childKey" value="tds_txn_details" />
		<property name="collectionChild" value="true" />
	</bean>
	<bean id="subventionDetailsBuilder"
		class="com.nucleus.tools.datasanitizer.assembler.DataTreeChunkBuilder">
		<property name="parentNodeExpression" value="loan_account" />
		<property name="parentKeyExpression" value="id" />
		<property name="childSelectQuery"
			value="select * from LMS_SUBVENTION_DTL where LOANID = ? " />
		<property name="childKey" value="subvention_details" />
		<property name="collectionChild" value="true" />
	</bean>
	<bean id="subventionTxnDetailsBuilder"
		class="com.nucleus.tools.datasanitizer.assembler.DataTreeChunkBuilder">
		<property name="parentNodeExpression" value="loan_account" />
		<property name="parentKeyExpression" value="id" />
		<property name="childSelectQuery"
			value="select * from LMS_SUBVENTION_TXN_DTL where LOANID = ? " />
		<property name="childKey" value="subvention_txn_details" />
		<property name="collectionChild" value="true" />
	</bean>
	<bean id="tieredRateDetailsBuilder"
		class="com.nucleus.tools.datasanitizer.assembler.DataTreeChunkBuilder">
		<property name="parentNodeExpression" value="loan_account" />
		<property name="parentKeyExpression" value="id" />
		<property name="childSelectQuery"
			value="select * from LMS_LOAN_TIERED_RATE_DTL where LOANID = ? " />
		<property name="childKey" value="tiered_rate_details" />
		<property name="collectionChild" value="true" />
	</bean>
	<bean id="pdcDetailsBuilder"
		class="com.nucleus.tools.datasanitizer.assembler.DataTreeChunkBuilder">
		<property name="parentNodeExpression" value="loan_account" />
		<property name="parentKeyExpression" value="id" />
		<property name="childSelectQuery"
			value="select * from PDC_INSTRUMENT_DTL where LOANID = ? " />
		<property name="childKey" value="pdc_details" />
		<property name="collectionChild" value="true" />
	</bean>
	<bean id="knockoffDetailsBuilder"
		class="com.nucleus.tools.datasanitizer.assembler.DataTreeChunkBuilder">
		<property name="parentNodeExpression" value="loan_account" />
		<property name="parentKeyExpression" value="id" />
		<property name="childSelectQuery"
			value="select * from LMS_KNOCKOFF_DTL where LOANID = ? " />
		<property name="childKey" value="knockoff_details" />
		<property name="collectionChild" value="true" />
	</bean>
	<bean id="knockoffHeaderDetailsBuilder"
		class="com.nucleus.tools.datasanitizer.assembler.DataTreeChunkBuilder">
		<property name="parentNodeExpression" value="loan_account.knockoff_details" />
		<property name="parentKeyExpression" value="KNOCKOFF_HDR_ID" />
		<property name="childSelectQuery"
			value="select * from LMS_KNOCKOFF_HDR where ID = ? " />
		<property name="childKey" value="knockoff_hdr_details" />
		<property name="collectionChild" value="true" />
	</bean>
	<!-- <bean id="genericDetailsBuilder"
		class="com.nucleus.tools.datasanitizer.assembler.DataTreeChunkBuilder">
		<property name="parentKeyExpression" value="id" />
		<property name="childSelectQuery"
			value="select * from generic_parameter where ACTIVE_FLAG = 1 and APPROVAL_STATUS = 0;" />
		<property name="childKey" value="generic_parameters" />
	</bean> -->
	<bean id="vapDetailsBuilder"
		class="com.nucleus.tools.datasanitizer.assembler.DataTreeChunkBuilder">
		<property name="parentNodeExpression" value="loan_account" />
		<property name="parentKeyExpression" value="id" />
		<property name="childSelectQuery"
			value="select * from LMS_VAP_DTL where LOANID = ? " />
		<property name="childKey" value="vap_details" />
		<property name="collectionChild" value="true" />
	</bean>
	<bean id="ratePosDetailsBuilder"
		class="com.nucleus.tools.datasanitizer.assembler.DataTreeChunkBuilder">
		<property name="parentNodeExpression" value="loan_account" />
		<property name="parentKeyExpression" value="id" />
		<property name="childSelectQuery"
			value="select * from LMS_RATE_POS_DTL where LOANID = ? " />
		<property name="childKey" value="rate_pos_details" />
		<property name="collectionChild" value="true" />
	</bean>
	<bean id="colMapDetailsBuilder"
		class="com.nucleus.tools.datasanitizer.assembler.DataTreeChunkBuilder">
		<property name="parentNodeExpression" value="loan_account" />
		<property name="parentKeyExpression" value="id" />
		<property name="childSelectQuery"
			value="select * from LMS_COLLATERALMAPPING_DTL where LOANID = ? " />
		<property name="childKey" value="col_map_details" />
		<property name="collectionChild" value="true" />
	</bean>
	<bean id="gcfDetailsBuilder"
		class="com.nucleus.tools.datasanitizer.assembler.DataTreeChunkBuilder">
		<property name="parentNodeExpression" value="loan_account.col_map_details" />
		<property name="parentKeyExpression" value="COLLATERAL_NUMBER" />
		<property name="childSelectQuery"
			value="select * from GLOBAL_COLLATERAL_ENTITY_FIS where GLOBAL_COLLATERAL_NUMBER = ? " />
		<property name="childKey" value="gcf_details" />
		<property name="collectionChild" value="true" />
	</bean>
	<bean id="docMapDetailsBuilder"
		class="com.nucleus.tools.datasanitizer.assembler.DataTreeChunkBuilder">
		<property name="parentNodeExpression" value="loan_account" />
		<property name="parentKeyExpression" value="id" />
		<property name="childSelectQuery"
			value="select * from LMS_DOCUMENT_MAPPING where loanid = ? " />
		<property name="childKey" value="doc_map_details" />
		<property name="collectionChild" value="true" />
	</bean>
	<bean id="lenDocDetailsBuilder"
		class="com.nucleus.tools.datasanitizer.assembler.DataTreeChunkBuilder">
		<property name="parentNodeExpression" value="loan_account.doc_map_details" />
		<property name="parentKeyExpression" value="LENDING_DOCID" />
		<property name="childSelectQuery"
			value="select * from LENDING_DOCUMENT where id = ? " />
		<property name="childKey" value="lendoc_details" />
		<property name="collectionChild" value="true" />
	</bean>
	<!-- <bean id="docEntryDetailsBuilder"
		class="com.nucleus.tools.datasanitizer.assembler.DataTreeChunkBuilder">
		<property name="parentNodeExpression" value="loan_account.doc_map_details.lendoc_details" />
		<property name="parentKeyExpression" value="id" />
		<property name="childSelectQuery"
			value="select * from DOCUMENT_ENTRY where LENDOC_FK = ? " />
		<property name="childKey" value="docentry_details" />
		<property name="collectionChild" value="true" />
	</bean> -->
</beans>